{
	"name": "ds_empMaster",
	"properties": {
		"linkedServiceName": {
			"referenceName": "AzureBlobStorage1",
			"type": "LinkedServiceReference"
		},
		"annotations": [],
		"type": "DelimitedText",
		"typeProperties": {
			"location": {
				"type": "AzureBlobStorageLocation",
				"fileName": "EmpMaster.csv",
				"folderPath": "dirpayrollfiles",
				"container": "adlsnycpayroll-yuwei-wang"
			},
			"columnDelimiter": ",",
			"escapeChar": "\\",
			"firstRowAsHeader": true,
			"quoteChar": "\""
		},
		"schema": [
			{
				"name": "EmployeeID",
				"type": "String"
			},
			{
				"name": "LastName",
				"type": "String"
			},
			{
				"name": "FirstName",
				"type": "String"
			}
		]
	},
	"type": "Microsoft.DataFactory/factories/datasets"
}