{
	"name": "ds_sql_nyc_payroll_emp_md",
	"properties": {
		"linkedServiceName": {
			"referenceName": "AzureSqlDatabase1",
			"type": "LinkedServiceReference"
		},
		"annotations": [],
		"type": "AzureSqlTable",
		"schema": [
			{
				"name": "EmployeeID",
				"type": "varchar"
			},
			{
				"name": "LastName",
				"type": "varchar"
			},
			{
				"name": "FirstName",
				"type": "varchar"
			}
		],
		"typeProperties": {
			"schema": "dbo",
			"table": "NYC_Payroll_EMP_MD"
		}
	},
	"type": "Microsoft.DataFactory/factories/datasets"
}